{
  "$schema": "https://raw.githubusercontent.com/grafana/grafana/main/docs/sources/developers/plugins/plugin.schema.json",
  "type": "panel",
  "name": "My Grafana Panel Plugin",
  "id": "my-grafana-panel-plugin",
  "info": {
    "description": "A minimal Grafana panel plugin",
    "author": {
      "name": "Your Name"
    },
    "keywords": ["panel", "grafana", "plugin"],
    "logos": {
      "small": "img/logo.svg",
      "large": "img/logo.svg"
    },
    "links": [
      {
        "name": "GitHub",
        "url": "https://github.com/your-org/my-grafana-panel-plugin"
      }
    ],
    "screenshots": [],
    "version": "1.0.0",
    "updated": "2024-01-02"
  },
  "dependencies": {
    "grafanaDependency": ">=10.2.0",
    "plugins": []
  }
}
